"Lvl";"FinalScore";"TimeSpent"
1;0;1.272336
1;0;1.281833
1;0;1.275949
1;0;1.270458
1;0;120.0058
1;0;30.00066
1;0;30.00214
