"Lvl";"FinalScore";"TimeSpent"
1;0;1.272336
1;0;1.281833
1;0;1.275949
1;0;1.270458
1;0;120.0058
1;0;30.00066
1;0;30.00214
1;0;30.02796
1;0;30.07225
1;0;6.011904
1;0;6.008271
1;0;6.059057
1;0;6.030355
1;0;120.0356
1;9500;19;120.0302
