"Lvl";"FinalScore";"TimeSpent"
1;0;1.254535
1;0;1.298178
3;0;1.251553
